<?xml version="1.0" encoding="UTF-8"?>
<configuration debug="false" scan="true" scanPeriod="60 seconds">
   <property name="CHARSET" value="utf-8" /><!-- 字符集 -->
   <property name="LOG_HOME" value="log" /><!-- log目录 -->
   <property name="BACKUP" value="${LOG_HOME}/BACKUP/%d{yyyy-MM-dd}" /><!-- 日志备份目录 -->
   <property name="PATTERN_DEF" value="[%d{yyyy-MM-dd HH:mm:ss SSS}] [%-5p] [%c{0}:%L] - %m%n" /><!-- 日志输出格式, %c{0} 表示打印logger名，若logger名是一个类路径，则打印最后一个.右边的部分 -->

   <!-- 待监控系统日志配置 -->
   <include file="./conf/logback_monitor.xml" />
   
   <!-- 完整性校验日志配置 -->
   <include file="./conf/logback_check.xml" />
   
   <!-- 控制台日志器 -->
   <appender name="console" class="ch.qos.logback.core.ConsoleAppender">
      <encoder>
         <pattern>${PATTERN_DEF}</pattern>
      </encoder>
      <target>System.out</target><!-- System.out|System.err -->
   </appender>

   <!-- 全量异常日志器  -->
   <appender name="error_all"
      class="ch.qos.logback.core.rolling.RollingFileAppender">
      <file>${LOG_HOME}/exception.log</file>
      <rollingPolicy class="ch.qos.logback.core.rolling.TimeBasedRollingPolicy">
         <fileNamePattern>${BACKUP}/exception_%d{yyyy-MM-dd}-%i.log.zip</fileNamePattern>
         <maxHistory>7</maxHistory>
         <timeBasedFileNamingAndTriggeringPolicy class="ch.qos.logback.core.rolling.SizeAndTimeBasedFNATP">
            <maxFileSize>64MB</maxFileSize>
         </timeBasedFileNamingAndTriggeringPolicy>
      </rollingPolicy>
      <encoder>
         <charset>${CHARSET}</charset>
         <pattern>${PATTERN_DEF}</pattern>
      </encoder>
      <filter class="ch.qos.logback.classic.filter.LevelFilter">
         <level>ERROR</level>
         <onMatch>ACCEPT</onMatch>
         <onMismatch>DENY</onMismatch>
      </filter>
   </appender>
   
   <!-- 主线程日志器  -->
   <appender name="app" 
      class="ch.qos.logback.core.rolling.RollingFileAppender">
      <prudent>false</prudent> <!-- 如果是 true，日志会被安全的写入文件（多线程同步），但效率低，默认是 false。 -->
      <file>${LOG_HOME}/log.log</file> <!-- 可以是相对目录，也可以是绝对目录，如果上级目录不存在会自动创建 -->
      <rollingPolicy class="ch.qos.logback.core.rolling.TimeBasedRollingPolicy">
         <fileNamePattern>${BACKUP}/log_%d{yyyy-MM-dd}-%i.log.zip</fileNamePattern>
         <maxHistory>7</maxHistory>
         <timeBasedFileNamingAndTriggeringPolicy class="ch.qos.logback.core.rolling.SizeAndTimeBasedFNATP">
            <maxFileSize>64MB</maxFileSize>
         </timeBasedFileNamingAndTriggeringPolicy>
      </rollingPolicy>
      <encoder>
         <charset>${CHARSET}</charset>
         <pattern>${PATTERN_DEF}</pattern>
      </encoder>
      <filter class="ch.qos.logback.classic.filter.LevelFilter">
         <level>ERROR</level>
         <onMatch>DENY</onMatch>
         <onMismatch>ACCEPT</onMismatch>
      </filter>
   </appender>
   
   <!-- 配置采集命令处理日志器  -->
   <appender name="configure" 
      class="ch.qos.logback.core.rolling.RollingFileAppender">
      <prudent>false</prudent> <!-- 如果是 true，日志会被安全的写入文件（多线程同步），但效率低，默认是 false。 -->
      <file>${LOG_HOME}/configure.log</file> <!-- 可以是相对目录，也可以是绝对目录，如果上级目录不存在会自动创建 -->
      <rollingPolicy class="ch.qos.logback.core.rolling.TimeBasedRollingPolicy">
         <fileNamePattern>${BACKUP}/configure_%d{yyyy-MM-dd}-%i.log.zip</fileNamePattern>
         <maxHistory>7</maxHistory>
         <timeBasedFileNamingAndTriggeringPolicy class="ch.qos.logback.core.rolling.SizeAndTimeBasedFNATP">
            <maxFileSize>64MB</maxFileSize>
         </timeBasedFileNamingAndTriggeringPolicy>
      </rollingPolicy>
      <encoder>
         <charset>${CHARSET}</charset>
         <pattern>${PATTERN_DEF}</pattern>
      </encoder>
      <filter class="ch.qos.logback.classic.filter.LevelFilter">
         <level>ERROR</level>
         <onMatch>DENY</onMatch>
         <onMismatch>ACCEPT</onMismatch>
      </filter>
   </appender>
   
   <!-- 性能采集处理日志器  -->
   <appender name="pm" 
      class="ch.qos.logback.core.rolling.RollingFileAppender">
      <prudent>false</prudent> <!-- 如果是 true，日志会被安全的写入文件（多线程同步），但效率低，默认是 false。 -->
      <file>${LOG_HOME}/pm.log</file> <!-- 可以是相对目录，也可以是绝对目录，如果上级目录不存在会自动创建 -->
      <rollingPolicy class="ch.qos.logback.core.rolling.TimeBasedRollingPolicy">
         <fileNamePattern>${BACKUP}/pm_%d{yyyy-MM-dd}-%i.log.zip</fileNamePattern>
         <maxHistory>7</maxHistory>
         <timeBasedFileNamingAndTriggeringPolicy class="ch.qos.logback.core.rolling.SizeAndTimeBasedFNATP">
            <maxFileSize>64MB</maxFileSize>
         </timeBasedFileNamingAndTriggeringPolicy>
      </rollingPolicy>
      <encoder>
         <charset>${CHARSET}</charset>
         <pattern>${PATTERN_DEF}</pattern>
      </encoder>
      <filter class="ch.qos.logback.classic.filter.LevelFilter">
         <level>ERROR</level>
         <onMatch>DENY</onMatch>
         <onMismatch>ACCEPT</onMismatch>
      </filter>
   </appender>
   
   <!-- 接口调用流水日志 -->
   <appender name="flow" 
      class="ch.qos.logback.core.rolling.RollingFileAppender">
      <prudent>false</prudent> <!-- 如果是 true，日志会被安全的写入文件（多线程同步），但效率低，默认是 false。 -->
      <file>${LOG_HOME}/flow.log</file> <!-- 可以是相对目录，也可以是绝对目录，如果上级目录不存在会自动创建 -->
      <rollingPolicy class="ch.qos.logback.core.rolling.TimeBasedRollingPolicy">
         <fileNamePattern>${BACKUP}/flow_%d{yyyy-MM-dd}-%i.log.zip</fileNamePattern>
         <maxHistory>7</maxHistory>
         <timeBasedFileNamingAndTriggeringPolicy class="ch.qos.logback.core.rolling.SizeAndTimeBasedFNATP">
            <maxFileSize>64MB</maxFileSize>
         </timeBasedFileNamingAndTriggeringPolicy>
      </rollingPolicy>
      <encoder>
         <charset>${CHARSET}</charset>
         <pattern>${PATTERN_DEF}</pattern>
      </encoder>
      <filter class="ch.qos.logback.classic.filter.LevelFilter">
         <level>ERROR</level>
         <onMatch>DENY</onMatch>
         <onMismatch>ACCEPT</onMismatch>
      </filter>
   </appender>
   
   <!-- SQL日志器  -->
   <appender name="sql" 
      class="ch.qos.logback.core.rolling.RollingFileAppender">
      <prudent>false</prudent> <!-- 如果是 true，日志会被安全的写入文件（多线程同步），但效率低，默认是 false。 -->
      <file>${LOG_HOME}/sql.log</file> <!-- 可以是相对目录，也可以是绝对目录，如果上级目录不存在会自动创建 -->
      <rollingPolicy class="ch.qos.logback.core.rolling.TimeBasedRollingPolicy">
         <fileNamePattern>${BACKUP}/sql_%d{yyyy-MM-dd}-%i.log.zip</fileNamePattern>
         <maxHistory>7</maxHistory>
         <timeBasedFileNamingAndTriggeringPolicy class="ch.qos.logback.core.rolling.SizeAndTimeBasedFNATP">
            <maxFileSize>64MB</maxFileSize>
         </timeBasedFileNamingAndTriggeringPolicy>
      </rollingPolicy>
      <encoder>
         <charset>${CHARSET}</charset>
         <pattern>${PATTERN_DEF}</pattern>
      </encoder>
      <filter class="ch.qos.logback.classic.filter.LevelFilter">
         <level>ERROR</level>
         <onMatch>DENY</onMatch>
         <onMismatch>ACCEPT</onMismatch>
      </filter>
   </appender>
   
   <!-- 请求/响应日志器  -->
   <appender name="xml" 
      class="ch.qos.logback.core.rolling.RollingFileAppender">
      <prudent>false</prudent> <!-- 如果是 true，日志会被安全的写入文件（多线程同步），但效率低，默认是 false。 -->
      <file>${LOG_HOME}/xml.log</file> <!-- 可以是相对目录，也可以是绝对目录，如果上级目录不存在会自动创建 -->
      <rollingPolicy class="ch.qos.logback.core.rolling.TimeBasedRollingPolicy">
         <fileNamePattern>${BACKUP}/xml_%d{yyyy-MM-dd}-%i.log.zip</fileNamePattern>
         <maxHistory>7</maxHistory>
         <timeBasedFileNamingAndTriggeringPolicy class="ch.qos.logback.core.rolling.SizeAndTimeBasedFNATP">
            <maxFileSize>64MB</maxFileSize>
         </timeBasedFileNamingAndTriggeringPolicy>
      </rollingPolicy>
      <encoder>
         <charset>${CHARSET}</charset>
         <pattern>${PATTERN_DEF}</pattern>
      </encoder>
      <filter class="ch.qos.logback.classic.filter.LevelFilter">
         <level>ERROR</level>
         <onMatch>DENY</onMatch>
         <onMismatch>ACCEPT</onMismatch>
      </filter>
   </appender>
   
   <!-- 请求报文构造器日志 -->
   <appender name="ws_constructor" 
      class="ch.qos.logback.core.rolling.RollingFileAppender">
      <prudent>false</prudent> <!-- 如果是 true，日志会被安全的写入文件（多线程同步），但效率低，默认是 false。 -->
      <file>${LOG_HOME}/ws_constructor.log</file> <!-- 可以是相对目录，也可以是绝对目录，如果上级目录不存在会自动创建 -->
      <rollingPolicy class="ch.qos.logback.core.rolling.TimeBasedRollingPolicy">
         <fileNamePattern>${BACKUP}/ws_constructor_%d{yyyy-MM-dd}-%i.log.zip</fileNamePattern>
         <maxHistory>7</maxHistory>
         <timeBasedFileNamingAndTriggeringPolicy class="ch.qos.logback.core.rolling.SizeAndTimeBasedFNATP">
            <maxFileSize>64MB</maxFileSize>
         </timeBasedFileNamingAndTriggeringPolicy>
      </rollingPolicy>
      <encoder>
         <charset>${CHARSET}</charset>
         <pattern>${PATTERN_DEF}</pattern>
      </encoder>
      <filter class="ch.qos.logback.classic.filter.LevelFilter">
         <level>ERROR</level>
         <onMatch>DENY</onMatch>
         <onMismatch>ACCEPT</onMismatch>
      </filter>
   </appender>
   
   <!-- 响应报文解析器日志 -->
   <appender name="ws_parser" 
      class="ch.qos.logback.core.rolling.RollingFileAppender">
      <prudent>false</prudent> <!-- 如果是 true，日志会被安全的写入文件（多线程同步），但效率低，默认是 false。 -->
      <file>${LOG_HOME}/ws_parser.log</file> <!-- 可以是相对目录，也可以是绝对目录，如果上级目录不存在会自动创建 -->
      <rollingPolicy class="ch.qos.logback.core.rolling.TimeBasedRollingPolicy">
         <fileNamePattern>${BACKUP}/ws_parser_%d{yyyy-MM-dd}-%i.log.zip</fileNamePattern>
         <maxHistory>7</maxHistory>
         <timeBasedFileNamingAndTriggeringPolicy class="ch.qos.logback.core.rolling.SizeAndTimeBasedFNATP">
            <maxFileSize>64MB</maxFileSize>
         </timeBasedFileNamingAndTriggeringPolicy>
      </rollingPolicy>
      <encoder>
         <charset>${CHARSET}</charset>
         <pattern>${PATTERN_DEF}</pattern>
      </encoder>
      <filter class="ch.qos.logback.classic.filter.LevelFilter">
         <level>ERROR</level>
         <onMatch>DENY</onMatch>
         <onMismatch>ACCEPT</onMismatch>
      </filter>
   </appender>
   
   <!-- 依赖应用日志器 -->
   <appender name="monitor" 
      class="ch.qos.logback.core.rolling.RollingFileAppender">
      <prudent>false</prudent> <!-- 如果是 true，日志会被安全的写入文件（多线程同步），但效率低，默认是 false。 -->
      <file>${LOG_HOME}/monitor.log</file> <!-- 可以是相对目录，也可以是绝对目录，如果上级目录不存在会自动创建 -->
      <rollingPolicy class="ch.qos.logback.core.rolling.TimeBasedRollingPolicy">
         <fileNamePattern>${BACKUP}/monitor_%d{yyyy-MM-dd}-%i.log.zip</fileNamePattern>
         <maxHistory>7</maxHistory>
         <timeBasedFileNamingAndTriggeringPolicy class="ch.qos.logback.core.rolling.SizeAndTimeBasedFNATP">
            <maxFileSize>64MB</maxFileSize>
         </timeBasedFileNamingAndTriggeringPolicy>
      </rollingPolicy>
      <encoder>
         <charset>${CHARSET}</charset>
         <pattern>${PATTERN_DEF}</pattern>
      </encoder>
      <filter class="ch.qos.logback.classic.filter.LevelFilter">
         <level>ERROR</level>
         <onMatch>DENY</onMatch>
         <onMismatch>ACCEPT</onMismatch>
      </filter>
   </appender>
   
   <!-- 其他日志器  -->
   <appender name="other" 
      class="ch.qos.logback.core.rolling.RollingFileAppender">
      <prudent>false</prudent> <!-- 如果是 true，日志会被安全的写入文件（多线程同步），但效率低，默认是 false。 -->
      <file>${LOG_HOME}/other.log</file> <!-- 可以是相对目录，也可以是绝对目录，如果上级目录不存在会自动创建 -->
      <rollingPolicy class="ch.qos.logback.core.rolling.TimeBasedRollingPolicy">
         <fileNamePattern>${BACKUP}/other_%d{yyyy-MM-dd}-%i.log.zip</fileNamePattern>
         <maxHistory>7</maxHistory>
         <timeBasedFileNamingAndTriggeringPolicy class="ch.qos.logback.core.rolling.SizeAndTimeBasedFNATP">
            <maxFileSize>64MB</maxFileSize>
         </timeBasedFileNamingAndTriggeringPolicy>
      </rollingPolicy>
      <encoder>
         <charset>${CHARSET}</charset>
         <pattern>${PATTERN_DEF}</pattern>
      </encoder>
      <filter class="ch.qos.logback.classic.filter.LevelFilter">
         <level>ERROR</level>
         <onMatch>DENY</onMatch>
         <onMismatch>ACCEPT</onMismatch>
      </filter>
   </appender>
   
    <!-- 主线程日志 -->
    <logger name="App" level="info" additivity="true">
       <appender-ref ref="app" />
    </logger>
    
    <logger name="Config" level="info" additivity="true">
       <appender-ref ref="app" />
    </logger>
    
    <logger name="DBMgr" level="info" additivity="true">
       <appender-ref ref="app" />
    </logger>
    
    <logger name="EmsMgr" level="info" additivity="true">
       <appender-ref ref="app" />
    </logger>
    
    <logger name="CmdsLoader" level="info" additivity="true">
       <appender-ref ref="app" />
    </logger>
    
    <logger name="CmdsDispatcher" level="info" additivity="true">
       <appender-ref ref="app" />
    </logger>
    
    <logger name="CmdsCommitor" level="info" additivity="true">
       <appender-ref ref="app" />
    </logger>
    
    <!-- 配置采集命令处理日志 -->
    <logger name="CmdsMgr" level="info" additivity="true">
       <appender-ref ref="configure" />
    </logger>
    
    <logger name="CmdProxy" level="info" additivity="true">
       <appender-ref ref="configure" />
    </logger>
    
    <logger name="ConfFileListener" level="info" additivity="true">
       <appender-ref ref="configure" />
    </logger>
    
    <!-- 性能采集日志 -->
    <logger name="PmCollector" level="debug" additivity="true">
       <appender-ref ref="pm" />
    </logger>
    
    <!-- 接口调用流水日志 -->
    <logger name="FLOW" level="info" additivity="true">
       <appender-ref ref="flow" />
    </logger>
    
    <!-- 请求/响应报文日志 -->
    <logger name="xml" level="debug" additivity="false">
       <appender-ref ref="xml" />
    </logger>
    
    <!-- 中央监控日志 -->
    <logger name="CentralMonitor" level="debug" additivity="true">
       <appender-ref ref="monitor" />
    </logger>
    
    <!-- 其他日志 -->
    <logger name="other" level="debug" additivity="false">
       <appender-ref ref="other" />
       <appender-ref ref="error_all" />
    </logger>
    
    <!-- 依赖应用日志 -->
    <logger name="com.catt.pub.conf2" level="warn" additivity="false">
       <appender-ref ref="other" />
    </logger>
    
    <logger name="com.catt.zhwg.ws.constructor" level="warn" additivity="false">
       <appender-ref ref="ws_constructor" />
       <appender-ref ref="error_all" />
    </logger>
    
    <logger name="com.catt.zhwg.ws.parser" level="warn" additivity="false">
       <appender-ref ref="ws_parser" />
       <appender-ref ref="error_all" />
    </logger>
    
    <logger name="sql" level="warn" additivity="false">
       <appender-ref ref="sql" />
       <appender-ref ref="error_all" />
    </logger>
    
    <!-- 根日志 -->
   <root level="debug">
      <appender-ref ref="console" />
      <appender-ref ref="error_all" />
   </root>
</configuration>