<?xml version="1.0" encoding="UTF-8"?>
<included>

    <appender name="check" 
      class="ch.qos.logback.core.rolling.RollingFileAppender">
      <prudent>false</prudent> <!-- 如果是 true，日志会被安全的写入文件（多线程同步），但效率低，默认是 false。 -->
      <file>${LOG_HOME}/check/check.log</file> <!-- 可以是相对目录，也可以是绝对目录，如果上级目录不存在会自动创建 -->
      <rollingPolicy class="ch.qos.logback.core.rolling.TimeBasedRollingPolicy">
         <fileNamePattern>${BACKUP}/check/check_%d{yyyy-MM-dd}-%i.log.zip</fileNamePattern>
         <maxHistory>7</maxHistory>
         <timeBasedFileNamingAndTriggeringPolicy class="ch.qos.logback.core.rolling.SizeAndTimeBasedFNATP">
            <maxFileSize>64MB</maxFileSize>
         </timeBasedFileNamingAndTriggeringPolicy>
      </rollingPolicy>
      <encoder>
         <charset>${CHARSET}</charset>
         <pattern>[%d{yyyy-MM-dd HH:mm:ss}] [%-5p] - %m%n</pattern>
      </encoder>
      <filter class="ch.qos.logback.classic.filter.LevelFilter">
         <level>ERROR</level>
         <onMatch>DENY</onMatch>
         <onMismatch>ACCEPT</onMismatch>
      </filter>
   </appender>
   
   <appender name="check-ex"
      class="ch.qos.logback.core.rolling.RollingFileAppender">
      <file>${LOG_HOME}/check/exception.log</file>
      <rollingPolicy class="ch.qos.logback.core.rolling.TimeBasedRollingPolicy">
         <fileNamePattern>${BACKUP}/check/exception_%d{yyyy-MM-dd}-%i.log.zip</fileNamePattern>
         <maxHistory>15</maxHistory>
         <timeBasedFileNamingAndTriggeringPolicy class="ch.qos.logback.core.rolling.SizeAndTimeBasedFNATP">
            <maxFileSize>64MB</maxFileSize>
         </timeBasedFileNamingAndTriggeringPolicy>
      </rollingPolicy>
      <encoder>
         <charset>${CHARSET}</charset>
         <pattern>${PATTERN_DEF}</pattern>
      </encoder>
      <filter class="ch.qos.logback.classic.filter.LevelFilter">
         <level>ERROR</level>
         <onMatch>ACCEPT</onMatch>
         <onMismatch>DENY</onMismatch>
      </filter>
   </appender>
   
   <appender name="other" 
      class="ch.qos.logback.core.rolling.RollingFileAppender">
      <prudent>false</prudent> <!-- 如果是 true，日志会被安全的写入文件（多线程同步），但效率低，默认是 false。 -->
      <file>${LOG_HOME}/check/other.log</file> <!-- 可以是相对目录，也可以是绝对目录，如果上级目录不存在会自动创建 -->
      <rollingPolicy class="ch.qos.logback.core.rolling.TimeBasedRollingPolicy">
         <fileNamePattern>${BACKUP}/check/other_%d{yyyy-MM-dd}-%i.log.zip</fileNamePattern>
         <maxHistory>7</maxHistory>
         <timeBasedFileNamingAndTriggeringPolicy class="ch.qos.logback.core.rolling.SizeAndTimeBasedFNATP">
            <maxFileSize>64MB</maxFileSize>
         </timeBasedFileNamingAndTriggeringPolicy>
      </rollingPolicy>
      <encoder>
         <charset>${CHARSET}</charset>
         <pattern>${PATTERN_DEF}</pattern>
      </encoder>
      <filter class="ch.qos.logback.classic.filter.LevelFilter">
         <level>ERROR</level>
         <onMatch>DENY</onMatch>
         <onMismatch>ACCEPT</onMismatch>
      </filter>
   </appender>
   
   <appender name="cc" 
      class="ch.qos.logback.core.rolling.RollingFileAppender">
      <prudent>false</prudent> <!-- 如果是 true，日志会被安全的写入文件（多线程同步），但效率低，默认是 false。 -->
      <file>${LOG_HOME}/check/list-err-cc.log</file> <!-- 可以是相对目录，也可以是绝对目录，如果上级目录不存在会自动创建 -->
      <rollingPolicy class="ch.qos.logback.core.rolling.TimeBasedRollingPolicy">
         <fileNamePattern>${BACKUP}/check/list-err-cc_%d{yyyy-MM-dd}-%i.log.zip</fileNamePattern>
         <maxHistory>7</maxHistory>
         <timeBasedFileNamingAndTriggeringPolicy class="ch.qos.logback.core.rolling.SizeAndTimeBasedFNATP">
            <maxFileSize>64MB</maxFileSize>
         </timeBasedFileNamingAndTriggeringPolicy>
      </rollingPolicy>
      <encoder>
         <charset>${CHARSET}</charset>
         <pattern>[%d{yyyy-MM-dd HH:mm:ss}] - %m%n</pattern>
      </encoder>
      <filter class="ch.qos.logback.classic.filter.LevelFilter">
         <level>ERROR</level>
         <onMatch>DENY</onMatch>
         <onMismatch>ACCEPT</onMismatch>
      </filter>
   </appender>
   
   <appender name="tl" 
      class="ch.qos.logback.core.rolling.RollingFileAppender">
      <prudent>false</prudent> <!-- 如果是 true，日志会被安全的写入文件（多线程同步），但效率低，默认是 false。 -->
      <file>${LOG_HOME}/check/list-err-tl.log</file> <!-- 可以是相对目录，也可以是绝对目录，如果上级目录不存在会自动创建 -->
      <rollingPolicy class="ch.qos.logback.core.rolling.TimeBasedRollingPolicy">
         <fileNamePattern>${BACKUP}/check/list-err-tl_%d{yyyy-MM-dd}-%i.log.zip</fileNamePattern>
         <maxHistory>7</maxHistory>
         <timeBasedFileNamingAndTriggeringPolicy class="ch.qos.logback.core.rolling.SizeAndTimeBasedFNATP">
            <maxFileSize>64MB</maxFileSize>
         </timeBasedFileNamingAndTriggeringPolicy>
      </rollingPolicy>
      <encoder>
         <charset>${CHARSET}</charset>
         <pattern>[%d{yyyy-MM-dd HH:mm:ss}] - %m%n</pattern>
      </encoder>
      <filter class="ch.qos.logback.classic.filter.LevelFilter">
         <level>ERROR</level>
         <onMatch>DENY</onMatch>
         <onMismatch>ACCEPT</onMismatch>
      </filter>
   </appender>
   
   <appender name="route" 
      class="ch.qos.logback.core.rolling.RollingFileAppender">
      <prudent>false</prudent> <!-- 如果是 true，日志会被安全的写入文件（多线程同步），但效率低，默认是 false。 -->
      <file>${LOG_HOME}/check/list-err-route.log</file> <!-- 可以是相对目录，也可以是绝对目录，如果上级目录不存在会自动创建 -->
      <rollingPolicy class="ch.qos.logback.core.rolling.TimeBasedRollingPolicy">
         <fileNamePattern>${BACKUP}/check/list-err-route_%d{yyyy-MM-dd}-%i.log.zip</fileNamePattern>
         <maxHistory>7</maxHistory>
         <timeBasedFileNamingAndTriggeringPolicy class="ch.qos.logback.core.rolling.SizeAndTimeBasedFNATP">
            <maxFileSize>64MB</maxFileSize>
         </timeBasedFileNamingAndTriggeringPolicy>
      </rollingPolicy>
      <encoder>
         <charset>${CHARSET}</charset>
         <pattern>[%d{yyyy-MM-dd HH:mm:ss}] - %m%n</pattern>
      </encoder>
      <filter class="ch.qos.logback.classic.filter.LevelFilter">
         <level>ERROR</level>
         <onMatch>DENY</onMatch>
         <onMismatch>ACCEPT</onMismatch>
      </filter>
   </appender>
   
   <appender name="tp" 
      class="ch.qos.logback.core.rolling.RollingFileAppender">
      <prudent>false</prudent> <!-- 如果是 true，日志会被安全的写入文件（多线程同步），但效率低，默认是 false。 -->
      <file>${LOG_HOME}/check/list-err-tp.log</file> <!-- 可以是相对目录，也可以是绝对目录，如果上级目录不存在会自动创建 -->
      <rollingPolicy class="ch.qos.logback.core.rolling.TimeBasedRollingPolicy">
         <fileNamePattern>${BACKUP}/check/list-err-tp_%d{yyyy-MM-dd}-%i.log.zip</fileNamePattern>
         <maxHistory>7</maxHistory>
         <timeBasedFileNamingAndTriggeringPolicy class="ch.qos.logback.core.rolling.SizeAndTimeBasedFNATP">
            <maxFileSize>64MB</maxFileSize>
         </timeBasedFileNamingAndTriggeringPolicy>
      </rollingPolicy>
      <encoder>
         <charset>${CHARSET}</charset>
         <pattern>[%d{yyyy-MM-dd HH:mm:ss}] - %m%n</pattern>
      </encoder>
      <filter class="ch.qos.logback.classic.filter.LevelFilter">
         <level>ERROR</level>
         <onMatch>DENY</onMatch>
         <onMismatch>ACCEPT</onMismatch>
      </filter>
   </appender>
   
   <appender name="ctp" 
      class="ch.qos.logback.core.rolling.RollingFileAppender">
      <prudent>false</prudent> <!-- 如果是 true，日志会被安全的写入文件（多线程同步），但效率低，默认是 false。 -->
      <file>${LOG_HOME}/check/list-err-ctp.log</file> <!-- 可以是相对目录，也可以是绝对目录，如果上级目录不存在会自动创建 -->
      <rollingPolicy class="ch.qos.logback.core.rolling.TimeBasedRollingPolicy">
         <fileNamePattern>${BACKUP}/check/list-err-ctp_%d{yyyy-MM-dd}-%i.log.zip</fileNamePattern>
         <maxHistory>7</maxHistory>
         <timeBasedFileNamingAndTriggeringPolicy class="ch.qos.logback.core.rolling.SizeAndTimeBasedFNATP">
            <maxFileSize>64MB</maxFileSize>
         </timeBasedFileNamingAndTriggeringPolicy>
      </rollingPolicy>
      <encoder>
         <charset>${CHARSET}</charset>
         <pattern>[%d{yyyy-MM-dd HH:mm:ss}] - %m%n</pattern>
      </encoder>
      <filter class="ch.qos.logback.classic.filter.LevelFilter">
         <level>ERROR</level>
         <onMatch>DENY</onMatch>
         <onMismatch>ACCEPT</onMismatch>
      </filter>
   </appender>
   
    <logger name="com.catt.zhwg.wscia.WsciaChecker" level="info" additivity="true">
       <appender-ref ref="check" />
    </logger>
    
    <logger name="com.catt.zhwg.wscia.check.relation.eq.BaseCheckEq" level="info" additivity="true">
       <appender-ref ref="check" />
    </logger>
    
    <logger name="com.catt.zhwg.wscia.check.relation.tp.BaseCheckTp" level="info" additivity="true">
       <appender-ref ref="check" />
    </logger>
    
    <logger name="com.catt.zhwg.wscia.utils.BusinessUtils" level="info" additivity="true">
       <appender-ref ref="check" />
    </logger>
    
    <logger name="com.catt.zhwg.wscia.check.efficiency.Efficiency" level="info" additivity="true">
       <appender-ref ref="check" />
    </logger>
    
    <logger name="com.catt.zhwg.wscia.check.usetime.Usetime" level="info" additivity="true">
       <appender-ref ref="check" />
    </logger>
    
    <logger name="com.catt.zhwg.wscia.check.precent.Precent" level="info" additivity="true">
       <appender-ref ref="check" />
    </logger>
    
    <logger name="com.catt.zhwg.wscia.check.volatility.Volatility" level="info" additivity="true">
       <appender-ref ref="check" />
    </logger>
    
    <logger name="com.catt.zhwg.wscia.check.relation.Relations" level="info" additivity="true">
       <appender-ref ref="check" />
    </logger>
    
    <logger name="com.catt.zhwg.wscia.utils.DBUtils" level="info" additivity="false">
       <appender-ref ref="other" />
       <appender-ref ref="check-ex" />
    </logger>
    
    <logger name="com.catt.zhwg.wscia.check.relation.eq.CheckTpEq" level="info" additivity="false">
       <appender-ref ref="tp" />
       <appender-ref ref="check-ex" />
    </logger>
    
    <logger name="com.catt.zhwg.wscia.check.relation.eq.CheckCtpEq" level="info" additivity="false">
       <appender-ref ref="ctp" />
       <appender-ref ref="check-ex" />
    </logger>
    
    <logger name="com.catt.zhwg.wscia.check.relation.tp.CheckCcTp" level="info" additivity="false">
       <appender-ref ref="cc" />
       <appender-ref ref="check-ex" />
    </logger>
    
    <logger name="com.catt.zhwg.wscia.check.relation.tp.CheckTlTp" level="info" additivity="false">
       <appender-ref ref="tl" />
       <appender-ref ref="check-ex" />
    </logger>
    
    <logger name="com.catt.zhwg.wscia.check.relation.tp.CheckRouteTp" level="info" additivity="false">
       <appender-ref ref="route" />
       <appender-ref ref="check-ex" />
    </logger>

</included>
