﻿<content>
	
	<!-- Define template main configurations -->
	<!-- Settings (Blue) -->
	<!---->
	<settings
		time="1"
		easeOut="Exponential.easeOut"
		easeIn="Exponential.easeIn"
		easeInOut="Exponential.easeInOut"
		
		logo="images/logo.png"
		backgroundBaseColor="0x404853"		
		backgroundEffects="true"
		backgroundBlendMode="multiply"
		backgroundNoise="true"
		backgroundGradient="true"		
		
		globalColor1="0x00c6ff"
		globalColor2="0xffffff"
		globalColor3="0x000000"
		tooltipBackgroundColor="0xa9a9a9"
		tooltipTextColor="0x000000"
		
		jukeBox="true"
		jukeBoxTicketDelay="4"
		jukeBoxDefaultVolume=".7"
		jukeBoxAutoPlay="true"
		jukeBoxShowSpectrum="true"
		jukeBoxSpectrumBlur="false"
		jukeBoxSpectrumAlpha=".95"
		jukeBoxSpectrumColor1="0x0066FF"
		jukeBoxSpectrumColor2="0x00FFFF"
		jukeBoxSpectrumColor3="0x0066FF"
		
		fullViewBackgroundColor="0x000000"		
		contentBackgroundColor="0x00"
        imagesPath="images/"
        
        months="Ene, Feb, Mar, Abr, May, Jun, Jul, Ago, Sep, Oct, Nov, Dic"
		videoControlsHideDelay="3"
	/>
	
	<!-- JukeBox default playlist -->
	<jukeBox>
		<tracks>
		
<track>
				<name>The Mass-Eric Levi弥撒</name>
				<song>sounds/themass.mp3</song>
			</track>
	<track>
				<name>舞曲SOT-Monleon</name>
				<song>sounds/Monleon.mp3</song>
			</track>

<track>
				<name>Nadaesdistinto</name>
				<song>sounds/themass.mp3</song>
			</track>
			<track>
				<name>Irreversible</name>
				<song>sounds/Monleon.mp3</song>
			</track>
            <track>
				<name>La última canción</name>
				<song>sounds/themass.mp3</song>
			</track>
            <track>
				<name>Posible utopia</name>
				<song>sounds/Monleon.mp3</song>
			</track>
            <track>
				<name>Consecuente</name>
				<song>sounds/themass.mp3</song>
			</track>
            <track>
				<name>Quiero intentar</name>
				<song>sounds/themass.mp3</song>
			</track>
            <track>
				<name>Seguir Soñando</name>
				<song>sounds/Monleon.mp3</song>
			</track>
		</tracks>
	</jukeBox>
	
	<!-- Specifies global texts used in the CoolTemplate  -->
	<strings>
		<key id="PLAYLIST">PLAYLIST</key>
		<key id="NOW_PLAYING">Now Playingsd</key>
		<key id="VIEW_MORE">查看更多</key>
		<key id="BACK">返回</key>
		<key id="CLOSE">关闭</key>
		<key id="PLAY_NOW">立即播放</key>
		<key id="NAME_LABEL_CONTACT">姓名</key>
		<key id="EMAIL_LABEL_CONTACT">邮箱</key>
		<key id="PHONE_LABEL_CONTACT">手机</key>
		<key id="MESSAGE_LABEL_CONTACT">正文</key>
		<key id="SEND_BUTTON_CONTACT">发送</key>
		<key id="INVALID_EMAIL_ERROR_CONTACT">无效的电子邮件！</key>
		<key id="SEND_MESSAGE_CONTACT">发送中..</key>
		<key id="REQUIRED_FIELD_ERROR_CONTACT">请输入内容！</key>
		<key id="ERROR_MESSAGE_CONTACT">请再试一次!</key>
		<key id="SUCCESS_MESSAGE_CONTACT">感谢您联系我们!</key>
		<key id="FULL_SCREEN">全屏模式</key>
	</strings>
	
	<!-- Template sections -->
	<sections>
	
		<section id="ABOUT">
			<menuName>关于我们</menuName>
			<thumbnail>03.jpg</thumbnail>
			<background>large/03.jpg</background>
			<tooltip>更多的了解我们...</tooltip>
			<template type="text">
				<title>关于我们</title>
				<textBlock>
					<title>Monleon汉化 测试内容Lorem ipsum dolor sit amet</title>
					<subTitle><![CDATA[内容测试<a href="http://monleon.qzone.qq.com">QQ空间</a>,consectetur adipisicing elit, sed do eiusmod tempor incididunt ut labore et dolore magna aliqua. Ut enim ad minim veniam, quis nostrud exercitation ullamco laboris nisi ut aliquip ex ea commodo consequat.]]></subTitle>
					<content><![CDATA[测试内容Lorem ipsum dolor sit amet, <span class="em">consectetur</span> adipisicing elit, sed do eiusmod tempor incididunt ut labore et dolore magna aliqua. Ut enim ad minim veniam, quis nostrud exercitation ullamco laboris nisi ut aliquip ex ea commodo consequat. Duis aute irure dolor in reprehenderit in voluptate velit esse cillum dolore eu fugiat nulla pariatur. <a href="http://monleon.qzone.qq.com">Excepteur</a> sint occaecat cupidatat non proident]]></content>
					<thumbnail>07.jpg</thumbnail>
				</textBlock>
                <textBlock>
					<content><![CDATA[测试内容Lorem ipsum dolor sit amet, <span class="em">consectetur</span> adipisicing elit, sed do eiusmod tempor incididunt ut labore et dolore magna aliqua. Ut enim ad minim veniam, quis nostrud exercitation ullamco laboris nisi ut aliquip ex ea commodo consequat. Duis aute irure dolor in reprehenderit in voluptate velit esse cillum dolore eu fugiat nulla pariatur. Excepteur sint occaecat cupidatat non proident]]></content>
				</textBlock>
				<textBlock>
					<subTitle>测试内容Lorem ipsum dolor sit amet, consectetur adipisicing elit, sed do eiusmod tempor incididunt ut labore et dolore magna aliqua.</subTitle>
					<content><![CDATA[Lorem ipsum dolor sit amet, consectetur adipisicing elit, sed do eiusmod tempor incididunt ut labore et dolore magna aliqua. Ut enim ad minim veniam, quis nostrud exercitation ullamco laboris nisi ut aliquip ex ea commodo consequat. Duis aute irure dolor in reprehenderit in voluptate velit esse cillum dolore eu fugiat nulla pariatur. Excepteur sint occaecat cupidatat non proident, sunt in culpa qui officia deserunt mollit anim id est laborum.]]></content>
                    <moreLink href="monleon.qzone.qq.com" target="_blank">More Link</moreLink>
				</textBlock>
			</template>
			
		</section>
		
		<section id="NEWS">
			<menuName>新闻中心</menuName>
			<thumbnail>12.jpg</thumbnail>
			<tooltip>Latest news</tooltip>
			<background>background.jpg</background>
			<template type="news">
				<title>新闻中心</title>
                <!-- Date Format: YY/MM/DD -->
				<entry date="09/12/03">
					<textBlock>
						<title>Lorem ipsum dolor sit amet, consectetur adipisicing elit, sed do eiusmod tempor incididunt ut labore et dolore magna aliqua. sed do eiusmod tempor incididunt ut labore et dolore magna aliqua.</title>
						<content><![CDATA[Lorem ipsum dolor sit amet, <a href="#">consectetur</a> adipisicing elit, sed do.<br><br>测试内容Lorem ipsum dolor sit amet, consectetur adipisicing elit, sed do.<br><br>测试内容Lorem ipsum dolor sit amet, consectetur adipisicing elit, sed do.<br><br>测试内容Lorem ipsum dolor sit amet, consectetur adipisicing elit, sed do.测试内容Lorem ipsum dolor sit amet, consectetur adipisicing elit, sed do.]]></content>
						<thumbnail>01.jpg</thumbnail>
						<moreLink href="monleon.qzone.qq.com" target="_blank">More Link</moreLink>
					</textBlock>
					<textBlock>
						<!--<title>测试内容Lorem ipsum dolor sit amet, consectetur adipisicing elit, sed do eiusmod tempor incididunt ut labore et dolore magna aliqua.</title>-->
						<content><![CDATA[测试内容Lorem ipsum dolor sit amet, consectetur adipisicing elit, sed do eiusmod tempor incididunt ut labore et dolore magna aliqua.]]></content>
						<thumbnail>01.jpg</thumbnail>
						<moreLink href="monleon.qzone.qq.com" target="_blank">More Link</moreLink>
					</textBlock>
					<textBlock>
						<title>测试内容Lorem ipsum dolor sit amet, consectetur adipisicing elit, sed do eiusmod tempor incididunt ut labore et dolore magna aliqua.</title>
						<content><![CDATA[测试内容Lorem ipsum dolor sit amet, consectetur adipisicing elit, sed do eiusmod tempor incididunt ut labore et dolore magna aliqua. Ut enim ad minim veniam, quis nostrud exercitation ullamco laboris nisi ut aliquip ex ea commodo consequat. Duis aute irure dolor in reprehenderit in voluptate velit esse cillum dolore eu fugiat nulla pariatur. Excepteur sint occaecat cupidatat non proident, sunt in culpa qui officia deserunt mollit anim id est laborum. 测试内容Lorem ipsum dolor sit amet, consectetur adipisicing elit, sed do eiusmod tempor incididunt ut labore et dolore magna aliqua. Ut enim ad minim veniam, quis nostrud exercitation ullamco laboris nisi ut aliquip ex ea commodo consequat. Duis aute irure dolor in reprehenderit in voluptate velit esse cillum dolore eu fugiat nulla pariatur. Excepteur sint occaecat cupidatat non proident, sunt in culpa qui officia deserunt mollit anim id est laborum.]]></content>
						<thumbnail>01.jpg</thumbnail>
						<moreLink href="monleon.qzone.qq.com" target="_blank">More Link</moreLink>
					</textBlock>
					<textBlock>
						<title>Lorem ipsum dolor sit amet, consectetur adipisicing elit, sed do eiusmod tempor incididunt ut labore et dolore magna aliqua.</title>
						<content><![CDATA[测试内容Lorem ipsum dolor sit amet, consectetur adipisicing elit, sed do eiusmod tempor incididunt ut labore et dolore magna aliqua. Ut enim ad minim veniam, quis nostrud exercitation ullamco laboris nisi ut aliquip ex ea commodo consequat. Duis aute irure dolor in reprehenderit in voluptate velit esse cillum dolore eu fugiat nulla pariatur. Excepteur sint occaecat cupidatat non proident, sunt in culpa qui officia deserunt mollit anim id est laborum. 测试内容Lorem ipsum dolor sit amet, consectetur adipisicing elit, sed do eiusmod tempor incididunt ut labore et dolore magna aliqua. Ut enim ad minim veniam, quis nostrud exercitation ullamco laboris nisi ut aliquip ex ea commodo consequat. Duis aute irure dolor in reprehenderit in voluptate velit esse cillum dolore eu fugiat nulla pariatur. Excepteur sint occaecat cupidatat non proident, sunt in culpa qui officia deserunt mollit anim id est laborum.]]></content>
						<thumbnail>01.jpg</thumbnail>
						<moreLink href="monleon.qzone.qq.com" target="_blank">More Link</moreLink>
					</textBlock>
				</entry>
                <entry date="09/12/02">
					<textBlock>
						<title>测试内容Lorem ipsum dolor sit amet, consectetur adipisicing elit</title>
						<content><![CDATA[测试内容Lorem ipsum dolor sit amet, consectetur adipisicing elit, sed do eiusmod tempor incididunt ut labore et dolore magna aliqua. Ut enim ad minim veniam, quis nostrud exercitation ullamco laboris nisi ut aliquip ex ea commodo consequat. Duis aute irure dolor in reprehenderit in voluptate velit esse cillum dolore eu fugiat nulla pariatur. Excepteur sint occaecat cupidatat non proident, sunt in culpa qui officia deserunt mollit anim id est laborum. 测试内容Lorem ipsum dolor sit amet, consectetur adipisicing elit, sed do eiusmod tempor incididunt ut labore et dolore magna aliqua. Ut enim ad minim veniam, quis nostrud exercitation ullamco laboris nisi ut aliquip ex ea commodo consequat. Duis aute irure dolor in reprehenderit in voluptate velit esse cillum dolore eu fugiat nulla pariatur. Excepteur sint occaecat cupidatat non proident, sunt in culpa qui officia deserunt mollit anim id est laborum.]]></content>
						<thumbnail>02.jpg</thumbnail>
						<moreLink href="monleon.qzone.qq.com" target="_blank">External Link</moreLink>
					</textBlock>
				</entry>
                <entry date="09/12/01">
					<textBlock>
						<title>Lorem ipsum dolor sit amet, consectetur adipisicing elit</title>
						<content><![CDATA[Lorem ipsum dolor sit amet, consectetur adipisicing elit, sed do eiusmod tempor incididunt ut labore et dolore magna aliqua. Ut enim ad minim veniam, quis nostrud exercitation ullamco laboris nisi ut aliquip ex ea commodo consequat. Duis aute irure dolor in reprehenderit in voluptate velit esse cillum dolore eu fugiat nulla pariatur.]]></content>
						<thumbnail>03.jpg</thumbnail>
					</textBlock>
                    <textBlock>
						<content><![CDATA[Lorem ipsum dolor sit amet, consectetur adipisicing elit, sed do eiusmod tempor incididunt ut labore et dolore magna aliqua. Ut enim ad minim veniam, quis nostrud exercitation ullamco laboris nisi ut aliquip ex ea commodo consequat. Duis aute irure dolor in reprehenderit in voluptate velit esse cillum dolore eu fugiat nulla pariatur.]]></content>
						<moreLink href="monleon.qzone.qq.com" target="_blank">External Link</moreLink>
					</textBlock>
				</entry>
                <entry date="09/12/01">
					<textBlock>
						<title>测试内容Lorem ipsum dolor sit amet, consectetur adipisicing elit</title>
						<content><![CDATA[测试内容Lorem ipsum dolor sit amet, consectetur adipisicing elit, sed do eiusmod tempor incididunt ut labore et dolore magna aliqua. Ut enim ad minim veniam, quis nostrud exercitation ullamco laboris nisi ut aliquip ex ea commodo consequat. Duis aute irure dolor in reprehenderit in voluptate velit esse cillum dolore eu fugiat nulla pariatur.]]></content>
						<thumbnail>03.jpg</thumbnail>
					</textBlock>
                    <textBlock>
						<content><![CDATA[测试内容Lorem ipsum dolor sit amet, consectetur adipisicing elit, sed do eiusmod tempor incididunt ut labore et dolore magna aliqua. Ut enim ad minim veniam, quis nostrud exercitation ullamco laboris nisi ut aliquip ex ea commodo consequat. Duis aute irure dolor in reprehenderit in voluptate velit esse cillum dolore eu fugiat nulla pariatur.]]></content>
						<moreLink href="monleon.qzone.qq.com" target="_blank">External Link</moreLink>
					</textBlock>
				</entry>
                <entry date="09/11/30">
					<textBlock>
						<title>测试内容Lorem ipsum dolor sit amet, consectetur adipisicing elit, sed do eiusmod tempor incididunt ut labore et dolore magna aliqua.</title>
						<content><![CDATA[测试内容Lorem ipsum dolor sit amet, consectetur adipisicing elit, sed do eiusmod tempor incididunt ut labore et dolore magna aliqua. Ut enim ad minim veniam, quis nostrud exercitation ullamco laboris nisi ut aliquip ex ea commodo consequat. Duis aute irure dolor in reprehenderit in voluptate velit esse cillum dolore eu fugiat nulla pariatur. Excepteur sint occaecat cupidatat non proident, sunt in culpa qui officia deserunt mollit anim id est laborum. 测试内容Lorem ipsum dolor sit amet, consectetur adipisicing elit, sed do eiusmod tempor incididunt ut labore et dolore magna aliqua. Ut enim ad minim veniam, quis nostrud exercitation ullamco laboris nisi ut aliquip ex ea commodo consequat. Duis aute irure dolor in reprehenderit in voluptate velit esse cillum dolore eu fugiat nulla pariatur. Excepteur sint occaecat cupidatat non proident, sunt in culpa qui officia deserunt mollit anim id est laborum.]]></content>
						<thumbnail>04.jpg</thumbnail>
						<moreLink href="monleon.qzone.qq.com" target="_blank">More Link</moreLink>
					</textBlock>
				</entry>
                <entry date="09/11/27">
					<textBlock>
						<title>测试内容Lorem ipsum dolor sit amet, consectetur adipisicing elit</title>
						<content><![CDATA[测试内容Lorem ipsum dolor sit amet, consectetur adipisicing elit, sed do eiusmod tempor incididunt ut labore et dolore magna aliqua. Ut enim ad minim veniam, quis nostrud exercitation ullamco laboris nisi ut aliquip ex ea commodo consequat. Duis aute irure dolor in reprehenderit in voluptate velit esse cillum dolore eu fugiat nulla pariatur. Excepteur sint occaecat cupidatat non proident, sunt in culpa qui officia deserunt mollit anim id est laborum. 测试内容Lorem ipsum dolor sit amet, consectetur adipisicing elit, sed do eiusmod tempor incididunt ut labore et dolore magna aliqua. Ut enim ad minim veniam, quis nostrud exercitation ullamco laboris nisi ut aliquip ex ea commodo consequat. Duis aute irure dolor in reprehenderit in voluptate velit esse cillum dolore eu fugiat nulla pariatur. Excepteur sint occaecat cupidatat non proident, sunt in culpa qui officia deserunt mollit anim id est laborum.]]></content>
						<thumbnail>05.jpg</thumbnail>
						<moreLink href="monleon.qzone.qq.com" target="_blank">External Link</moreLink>
					</textBlock>
				</entry>
                <entry date="09/10/31">
					<textBlock>
						<title>测试内容Lorem ipsum dolor sit amet, consectetur adipisicing elit, sed do eiusmod tempor incididunt ut labore et dolore magna aliqua.</title>
						<content><![CDATA[测试内容Lorem ipsum dolor sit amet, consectetur adipisicing elit, sed do eiusmod tempor incididunt ut labore et dolore magna aliqua. Ut enim ad minim veniam, quis nostrud exercitation ullamco laboris nisi ut aliquip ex ea commodo consequat. Duis aute irure dolor in reprehenderit in voluptate velit esse cillum dolore eu fugiat nulla pariatur. Excepteur sint occaecat cupidatat non proident, sunt in culpa qui officia deserunt mollit anim id est laborum. 测试内容Lorem ipsum dolor sit amet, consectetur adipisicing elit, sed do eiusmod tempor incididunt ut labore et dolore magna aliqua. Ut enim ad minim veniam, quis nostrud exercitation ullamco laboris nisi ut aliquip ex ea commodo consequat. Duis aute irure dolor in reprehenderit in voluptate velit esse cillum dolore eu fugiat nulla pariatur. Excepteur sint occaecat cupidatat non proident, sunt in culpa qui officia deserunt mollit anim id est laborum.]]></content>
						<thumbnail>06.jpg</thumbnail>
						<moreLink href="monleon.qzone.qq.com" target="_blank">More Link</moreLink>
					</textBlock>
				</entry>
                <entry date="09/09/01">
					<textBlock>
						<title>测试内容Lorem ipsum dolor sit amet, consectetur adipisicing elit</title>
						<content><![CDATA[测试内容Lorem ipsum dolor sit amet, consectetur adipisicing elit, sed do eiusmod tempor incididunt ut labore et dolore magna aliqua. Ut enim ad minim veniam, quis nostrud exercitation ullamco laboris nisi ut aliquip ex ea commodo consequat. Duis aute irure dolor in reprehenderit in voluptate velit esse cillum dolore eu fugiat nulla pariatur.]]></content>
						<thumbnail>08.jpg</thumbnail>
					</textBlock>
                    <textBlock>
						<content><![CDATA[测试内容Lorem ipsum dolor sit amet, consectetur adipisicing elit, sed do eiusmod tempor incididunt ut labore et dolore magna aliqua. Ut enim ad minim veniam, quis nostrud exercitation ullamco laboris nisi ut aliquip ex ea commodo consequat. Duis aute irure dolor in reprehenderit in voluptate velit esse cillum dolore eu fugiat nulla pariatur.]]></content>
						<moreLink href="monleon.qzone.qq.com" target="_blank">External Link</moreLink>
					</textBlock>
				</entry>
                <entry date="09/09/03">
					<textBlock>
						<title>测试内容Lorem ipsum dolor sit amet, consectetur adipisicing elit, sed do eiusmod tempor incididunt ut labore et dolore magna aliqua.</title>
						<content><![CDATA[Lorem ipsum dolor sit amet, consectetur adipisicing elit, sed do eiusmod tempor incididunt ut labore et dolore magna aliqua. Ut enim ad minim veniam, quis nostrud exercitation ullamco laboris nisi ut aliquip ex ea commodo consequat. Duis aute irure dolor in reprehenderit in voluptate velit esse cillum dolore eu fugiat nulla pariatur. Excepteur sint occaecat cupidatat non proident, sunt in culpa qui officia deserunt mollit anim id est laborum. 测试内容Lorem ipsum dolor sit amet, consectetur adipisicing elit, sed do eiusmod tempor incididunt ut labore et dolore magna aliqua. Ut enim ad minim veniam, quis nostrud exercitation ullamco laboris nisi ut aliquip ex ea commodo consequat. Duis aute irure dolor in reprehenderit in voluptate velit esse cillum dolore eu fugiat nulla pariatur. Excepteur sint occaecat cupidatat non proident, sunt in culpa qui officia deserunt mollit anim id est laborum.]]></content>
						<thumbnail>09.jpg</thumbnail>
						<moreLink href="monleon.qzone.qq.com" target="_blank">More Link</moreLink>
					</textBlock>
				</entry>
                <entry date="09/09/02">
					<textBlock>
						<title>Lorem ipsum dolor sit amet, consectetur adipisicing elit</title>
						<content><![CDATA[测试内容Lorem ipsum dolor sit amet, consectetur adipisicing elit, sed do eiusmod tempor incididunt ut labore et dolore magna aliqua. Ut enim ad minim veniam, quis nostrud exercitation ullamco laboris nisi ut aliquip ex ea commodo consequat. Duis aute irure dolor in reprehenderit in voluptate velit esse cillum dolore eu fugiat nulla pariatur. Excepteur sint occaecat cupidatat non proident, sunt in culpa qui officia deserunt mollit anim id est laborum. 测试内容Lorem ipsum dolor sit amet, consectetur adipisicing elit, sed do eiusmod tempor incididunt ut labore et dolore magna aliqua. Ut enim ad minim veniam, quis nostrud exercitation ullamco laboris nisi ut aliquip ex ea commodo consequat. Duis aute irure dolor in reprehenderit in voluptate velit esse cillum dolore eu fugiat nulla pariatur. Excepteur sint occaecat cupidatat non proident, sunt in culpa qui officia deserunt mollit anim id est laborum.]]></content>
						<thumbnail>10.jpg</thumbnail>
						<moreLink href="monleon.qzone.qq.com" target="_blank">External Link</moreLink>
					</textBlock>
				</entry>
			</template>
			
		</section>
		
		<section id="MEDIA">
			<menuName>图文影音</menuName>
			<thumbnail>04.jpg</thumbnail>
			<background>large/02.jpg</background>
			
			<cover type="music">
				<thumbnail>03.jpg</thumbnail>
				<tooltip>测试文本123</tooltip>
				<template type="music">
					<title>标题My First Million, 2008</title>
					<textBlock>
						<title>Album description title</title>
						<subTitle>测试内容Lorem ipsum dolor sit amet, consectetur adipisicing elit, sed do eiusmod tempor incididunt ut labore et dolore magna aliqua. Ut enim ad minim veniam, quis nostrud exercitation ullamco laboris nisi ut aliquip ex ea commodo consequat.</subTitle>
						<content><![CDATA[测试内容Lorem ipsum dolor sit amet, <b>consectetur</b> adipisicing elit, sed do eiusmod tempor incididunt ut labore et dolore magna aliqua. Ut enim ad minim veniam, quis nostrud exercitation ullamco laboris nisi ut aliquip ex ea commodo consequat. Duis aute irure dolor in reprehenderit in voluptate velit esse cillum dolore eu fugiat nulla pariatur. Excepteur sint occaecat cupidatat non proident, sunt in culpa qui officia deserunt mollit anim id est laborum.<br><br>测试内容Lorem ipsum dolor sit amet, <b>consectetur</b> adipisicing elit, sed do eiusmod tempor incididunt ut labore et dolore magna aliqua. Ut enim ad minim veniam, quis nostrud exercitation ullamco laboris nisi ut aliquip ex ea commodo consequat. Duis aute irure dolor in reprehenderit in voluptate velit esse cillum dolore eu fugiat nulla pariatur. Excepteur sint occaecat cupidatat non proident, sunt in culpa qui officia deserunt mollit anim id est laborum. 测试内容Lorem ipsum dolor sit amet, <b>consectetur</b> adipisicing elit, sed do eiusmod tempor incididunt ut labore et dolore magna aliqua. Ut enim ad minim veniam, quis nostrud exercitation ullamco laboris nisi ut aliquip ex ea commodo consequat. Duis aute irure dolor in reprehenderit in voluptate velit esse cillum dolore eu fugiat nulla pariatur. Excepteur sint occaecat cupidatat non proident, sunt in culpa qui officia deserunt mollit anim id est laborum.]]></content>
						<thumbnail>01.jpg</thumbnail>
						<moreLink href="monleon.qzone.qq.com" target="_blank">Buy in Amazon Now!!</moreLink>
					</textBlock>
					<tracks>
                        <track>
                            <name>Irreversible</name>
                            <song>sounds/irreversible.mp3</song>
                        </track>
                        <track>
                            <name>La última canción</name>
                            <song>sounds/la_ultima_cancion.mp3</song>
                        </track>
                        <track>
                            <name>Nada es distinto</name>
                            <song>sounds/nada_es_distinto.mp3</song>
                        </track>
                        <track>
                            <name>Posible utopia</name>
                            <song>sounds/posible_utopia.mp3</song>
                        </track>
                    </tracks>
				</template>
			</cover>
            
            <cover type="music">
				<thumbnail>01.jpg</thumbnail>
				<tracks>
					<track>
						<name>Consecuente</name>
						<song>sounds/consecuente.mp3</song>
					</track>
					<track>
						<name>Quiero intentar</name>
						<song>sounds/quiero_intentar.mp3</song>
					</track>
				</tracks>
			</cover>
			
			<cover type="video">
				<thumbnail>video.jpg</thumbnail>
				<large>video.jpg</large>
				<video>videos/1.flv</video>
			</cover>

<cover type="video">
				<thumbnail>video1.jpg</thumbnail>
				<large>video1.jpg</large>
				<video>videos/2.flv</video>
			</cover>
			
            <cover type="externalLink">
				<thumbnail>06.jpg</thumbnail>
				<tooltip>This is a external link</tooltip>
				<link href="monleon.qzone.qq.com" target="_blank" />
			</cover>
			
			<!-- Photos -->
			<cover type="image">
				<thumbnail>01.jpg</thumbnail>
				<large>large/01.jpg</large>
				<tooltip>Me!</tooltip>
				<description><![CDATA[测试内容Lorem ipsum dolor sit amet<br> consectetur adipisicing elit<br> sed do eiusmod]]></description>
			</cover>
            <cover type="image">
				<thumbnail>02.jpg</thumbnail>
				<large>large/02.jpg</large>
				<description><![CDATA[Tempor incididunt ut labore et dolore<br> magna aliqua. Ut enim ad minim veniam<br> quis nostrud exercitation ullamco laboris<br> nisi ut aliquip.]]></description>
			</cover>
            <cover type="image">
				<thumbnail>03.jpg</thumbnail>
				<large>large/03.jpg</large>
				<description><![CDATA[测试内容Lorem ipsum dolor sit amet consectetur<br> adipisicing elit sed do eiusmod]]></description>
			</cover>
            <cover type="image">
				<thumbnail>04.jpg</thumbnail>
				<large>large/04.jpg</large>
				<description><![CDATA[测试内容Lorem ipsum dolor sit amet<br> consectetur adipisicing elit<br> sed do eiusmod]]></description>
			</cover>
            <cover type="image">
				<thumbnail>05.jpg</thumbnail>
				<large>large/05.jpg</large>
				<description><![CDATA[Tempor incididunt ut labore et dolore<br> magna aliqua. Ut enim ad minim veniam<br> quis nostrud exercitation ullamco laboris<br> nisi ut aliquip.]]></description>
			</cover>
            <cover type="image">
				<thumbnail>06.jpg</thumbnail>
				<large>large/06.jpg</large>
				<description><![CDATA[测试内容Lorem ipsum dolor sit amet<br> consectetur adipisicing elit<br> sed do eiusmod]]></description>
			</cover>
            <cover type="image">
				<thumbnail>07.jpg</thumbnail>
				<large>large/07.jpg</large>
				<description><![CDATA[测试内容Lorem ipsum dolor sit amet<br> consectetur adipisicing elit<br> sed do eiusmod]]></description>
			</cover>
            <cover type="image">
				<thumbnail>09.jpg</thumbnail>
				<large>large/09.jpg</large>
				<description><![CDATA[测试内容Lorem ipsum dolor sit amet consectetur<br> adipisicing elit sed do eiusmod]]></description>
			</cover>
            <cover type="image">
				<thumbnail>10.jpg</thumbnail>
				<large>large/10.jpg</large>
				<description><![CDATA[测试内容Lorem ipsum dolor sit amet consectetur<br> adipisicing elit sed do eiusmod]]></description>
			</cover>
            <cover type="image">
				<thumbnail>11.jpg</thumbnail>
				<large>large/11.jpg</large>
				<description><![CDATA[测试内容Lorem ipsum dolor sit amet]]></description>
			</cover>
		</section>
	


	
		<section id="PLUGINS">
			<menuName>娱乐菜单</menuName>
			<thumbnail>plugin_thumbnail.jpg</thumbnail>
			<background>background.jpg</background>
			
			<cover type="plugin">
				<menuName>Shop</menuName>
				<thumbnail>flashshop_avatar.jpg</thumbnail>
				<tooltip>Our Store</tooltip>
				<template type="plugin" openInPopup="true" popupResizable="false" popupWidth="730" popupHeight="550" pluginResizable="true">
					<title>FlashShop V.2.0 Plugin</title>
					<path>plugins/flashShopPlugin/</path>
					<src>flashShopPlugin.swf</src>
				</template>
			</cover>
			
			<cover type="plugin">
				<thumbnail>circular_gallery_avatar.jpg</thumbnail>
				<tooltip>World Fest 2009 Tour Galleries</tooltip>
				<template type="plugin" openInPopup="true" popupResizable="true" popupWidth="700" popupHeight="550" pluginResizable="true">
					<title>Circular Gallery Plugin</title>
					<path>plugins/circularGalleryPlugin/</path>
					<src>circularGalleryPlugin.swf</src>
				</template>
			</cover>
			
			<cover type="plugin">
				<thumbnail>list_avatar.jpg</thumbnail>
				<tooltip>Our Products</tooltip>
				<template type="plugin" pluginResizable="true">
					<title>List Plugin</title>
					<path>plugins/listPlugin/</path>
					<src>listPlugin.swf</src>
				</template>
			</cover>
			
		</section>		
		
		<section id="SWF">
			<menuName>自定义</menuName>
			<thumbnail>swf_thumbnail.jpg</thumbnail>
			
			<cover type="custom">
				<thumbnail>swf_thumbnail.jpg</thumbnail>
				<tooltip>Swf in Popup</tooltip>
				<template type="custom" openInPopup="true" popupResizable="false" popupWidth="700" popupHeight="550" swfResizable="true">
					<title>Swf in Popup Mode</title>
					<src>swf/swf.swf</src>
				</template>
			</cover>
			
			<cover type="custom">
				<thumbnail>swf_thumbnail.jpg</thumbnail>
				<tooltip>Swf in FullScreen</tooltip>
				<template type="custom" openInPopup="true" popupResizable="true" swfResizable="true">
					<title>Swf File in Fullsize Mode</title>
					<src>swf/swf.swf</src>
				</template>
			</cover>
			
			<cover type="custom">
				<thumbnail>swf_thumbnail.jpg</thumbnail>
				<tooltip>Swf in ContentBox</tooltip>
				<template type="custom" openInPopup="false" swfResizable="false">
					<title>Swf in ContentBox</title>
					<src>swf/swf.swf</src>
				</template>
			</cover>
		</section>		
		
			
		<section id="CONTACT">
			<menuName>联系方式</menuName>
			<thumbnail>15.jpg</thumbnail>
			<template type="contact">
				<title>联系我们</title>
				<address><![CDATA[<b>(0574) 15158322831</b><br>中国·慈溪<br>China, Monleon<br>http://www.cssmoban.com]]></address>
				<socialText><![CDATA[关注我们:]]></socialText>
				<formMessage><![CDATA[测试Please, fill correctly the fields and we contact back soon. Thank you.]]></formMessage>
				<social icon="social/twitter.png" url="monleon.qzone.qq.com" />
				<social icon="social/facebook.png" url="monleon.qzone.qq.com" />
				<social icon="social/linkedin.png" url="monleon.qzone.qq.com" />
				<social icon="social/flickr.png" url="monleon.qzone.qq.com" />
				<social icon="social/digg.png" url="monleon.qzone.qq.com" />
				<social icon="social/delicious.png" url="monleon.qzone.qq.com" />
				<social icon="social/youtube.png" url="monleon.qzone.qq.com" />
				<social icon="social/yahoo.png" url="monleon.qzone.qq.com" />
				<social icon="social/myspace.png" url="monleon.qzone.qq.com" />
				<social icon="social/lastfm.png" url="monleon.qzone.qq.com" />
				<social icon="social/ilike.png" url="monleon.qzone.qq.com" />
				<social icon="social/rss.png" url="monleon.qzone.qq.com" />
			</template>
		</section>
		<section id="BLOG">
			<menuName>友情链接</menuName>
			<thumbnail>08.jpg</thumbnail>
			<template type="externalLink">
				<link href="monleon.qzone.qq.com" target="_blank" />
			</template>
		</section>

	</sections>
	
	
</content>